time,bearing,range,course,speed,depth,f1,f2,f3,f4,f5,f6,f7,f8,x,y
7.00649e-45,3.36312e-44,0,0,1.4013e-45,0,1.4013e-45,1.4013e-45,42083.1,8.01455,-21.2687,0,4.77563e-42,0,1.91025e-40,-nan
7.00649e-45,3.36312e-44,0,0,1.4013e-45,0,1.4013e-45,1.4013e-45,42075,8.01456,-21.2699,0,4.77422e-42,0,1.90969e-40,-nan
7.00649e-45,3.36312e-44,0,0,1.4013e-45,0,1.4013e-45,1.4013e-45,42067,8.01456,-21.2712,0,4.77422e-42,0,1.90969e-40,-nan
7.00649e-45,3.36312e-44,0,0,1.4013e-45,0,1.4013e-45,1.4013e-45,42057,8.01456,-21.272,0,4.77282e-42,0,1.90913e-40,-nan
7.00649e-45,3.36312e-44,0,0,1.4013e-45,0,1.4013e-45,1.4013e-45,42047,8.01456,-21.2727,0,4.77142e-42,0,1.90857e-40,-nan
7.00649e-45,3.36312e-44,0,0,1.4013e-45,0,1.4013e-45,1.4013e-45,42037.8,8.01457,-21.2736,0,4.77002e-42,0,1.90801e-40,-nan
7.00649e-45,3.36312e-44,0,0,1.4013e-45,0,1.4013e-45,1.4013e-45,42029.3,8.01456,-21.2748,0,4.77002e-42,0,1.90801e-40,-nan
7.00649e-45,3.36312e-44,0,0,1.4013e-45,0,1.4013e-45,1.4013e-45,42023.3,8.01456,-21.2767,0,4.76862e-42,0,1.90745e-40,-nan
7.00649e-45,3.36312e-44,0,0,1.4013e-45,0,1.4013e-45,1.4013e-45,42014.9,8.01457,-21.2779,0,4.76722e-42,0,1.90689e-40,-nan
7.00649e-45,3.36312e-44,0,0,1.4013e-45,0,1.4013e-45,1.4013e-45,42005.6,8.01457,-21.2788,0,4.76722e-42,0,1.90689e-40,-nan
7.00649e-45,3.36312e-44,0,0,1.4013e-45,0,1.4013e-45,1.4013e-45,41995.6,8.01457,-21.2795,0,4.76582e-42,0,1.90633e-40,-nan
7.00649e-45,3.36312e-44,0,0,1.4013e-45,0,1.4013e-45,1.4013e-45,41985.7,8.01457,-21.2802,0,4.76441e-42,0,1.90577e-40,-nan
7.00649e-45,3.36312e-44,0,0,1.4013e-45,0,1.4013e-45,1.4013e-45,41975.8,8.01458,-21.281,0,4.76301e-42,0,1.90521e-40,-nan
7.00649e-45,3.36312e-44,0,0,1.4013e-45,0,1.4013e-45,1.4013e-45,41965.8,8.01458,-21.2817,0,4.76161e-42,0,1.90464e-40,-nan
7.00649e-45,3.36312e-44,0,0,1.4013e-45,0,1.4013e-45,1.4013e-45,41955.8,8.01458,-21.2824,0,4.76161e-42,0,1.90464e-40,-nan
7.00649e-45,3.36312e-44,0,0,1.4013e-45,0,1.4013e-45,1.4013e-45,41933.3,8.01459,-21.2759,0,4.75881e-42,0,1.90352e-40,-nan
7.00649e-45,3.36312e-44,0,0,1.4013e-45,0,1.4013e-45,1.4013e-45,41935.9,8.01459,-21.2839,0,4.75881e-42,0,1.90352e-40,-nan
7.00649e-45,3.36312e-44,0,0,1.4013e-45,0,1.4013e-45,1.4013e-45,41926,8.01459,-21.2847,0,4.75741e-42,0,1.90296e-40,-nan
7.00649e-45,3.36312e-44,0,0,1.4013e-45,0,1.4013e-45,1.4013e-45,41916.1,8.01459,-21.2854,0,4.75601e-42,0,1.9024e-40,-nan
7.00649e-45,3.36312e-44,0,0,1.4013e-45,0,1.4013e-45,1.4013e-45,41906.1,8.01459,-21.2861,0,4.75601e-42,0,1.9024e-40,-nan
7.00649e-45,3.36312e-44,0,0,1.4013e-45,0,1.4013e-45,1.4013e-45,41896.2,8.01459,-21.2869,0,4.75461e-42,0,1.90184e-40,-nan
7.00649e-45,3.36312e-44,0,0,1.4013e-45,0,1.4013e-45,1.4013e-45,41886.2,8.01459,-21.2876,0,4.7532e-42,0,1.90128e-40,-nan
7.00649e-45,3.36312e-44,0,0,1.4013e-45,0,1.4013e-45,1.4013e-45,41876.2,8.01458,-21.2883,0,4.7518e-42,0,1.90072e-40,-nan
7.00649e-45,3.36312e-44,0,0,1.4013e-45,0,1.4013e-45,1.4013e-45,41866.3,8.01458,-21.289,0,4.7504e-42,0,1.90016e-40,-nan
7.00649e-45,3.36312e-44,0,0,1.4013e-45,0,1.4013e-45,1.4013e-45,41856.3,8.01459,-21.2898,0,4.7504e-42,0,1.90016e-40,-nan
7.00649e-45,3.36312e-44,0,0,1.4013e-45,0,1.4013e-45,1.4013e-45,41846.4,8.0146,-21.2905,0,4.749e-42,0,1.8996e-40,-nan
7.00649e-45,3.36312e-44,0,0,1.4013e-45,0,1.4013e-45,1.4013e-45,41836.5,8.0146,-21.2913,0,4.7476e-42,0,1.89904e-40,-nan
7.00649e-45,3.36312e-44,0,0,1.4013e-45,0,1.4013e-45,1.4013e-45,41826.5,8.0146,-21.292,0,4.7462e-42,0,1.89848e-40,-nan
7.00649e-45,3.36312e-44,0,0,1.4013e-45,0,1.4013e-45,1.4013e-45,41816.6,8.01461,-21.2927,0,4.7448e-42,0,1.89792e-40,-nan
7.00649e-45,3.36312e-44,0,0,1.4013e-45,0,1.4013e-45,1.4013e-45,41806.6,8.01461,-21.2934,0,4.7448e-42,0,1.89792e-40,-nan
7.00649e-45,3.36312e-44,0,0,1.4013e-45,0,1.4013e-45,1.4013e-45,41796.7,8.01461,-21.2942,0,4.7434e-42,0,1.89736e-40,-nan
7.00649e-45,3.36312e-44,0,0,1.4013e-45,0,1.4013e-45,1.4013e-45,41774.2,8.01462,-21.2877,0,4.74059e-42,0,1.89624e-40,-nan
7.00649e-45,3.36312e-44,0,0,1.4013e-45,0,1.4013e-45,1.4013e-45,41776.8,8.0146,-21.2956,0,4.74059e-42,0,1.89624e-40,-nan
7.00649e-45,3.36312e-44,0,0,1.4013e-45,0,1.4013e-45,1.4013e-45,41766.8,8.01461,-21.2964,0,4.73919e-42,0,1.89568e-40,-nan
7.00649e-45,3.36312e-44,0,0,1.4013e-45,0,1.4013e-45,1.4013e-45,41756.9,8.01461,-21.2971,0,4.73919e-42,0,1.89568e-40,-nan
7.00649e-45,3.36312e-44,0,0,1.4013e-45,0,1.4013e-45,1.4013e-45,41746.9,8.0146,-21.2978,0,4.73779e-42,0,1.89512e-40,-nan
7.00649e-45,3.36312e-44,0,0,1.4013e-45,0,1.4013e-45,1.4013e-45,41737.1,8.01461,-21.2986,0,4.73639e-42,0,1.89456e-40,-nan
7.00649e-45,3.36312e-44,0,0,1.4013e-45,0,1.4013e-45,1.4013e-45,41727.1,8.01461,-21.2993,0,4.73499e-42,0,1.894e-40,-nan
7.00649e-45,3.36312e-44,0,0,1.4013e-45,0,1.4013e-45,1.4013e-45,41717.2,8.01461,-21.3001,0,4.73359e-42,0,1.89343e-40,-nan
7.00649e-45,3.36312e-44,0,0,1.4013e-45,0,1.4013e-45,1.4013e-45,41707.2,8.01462,-21.3008,0,4.73359e-42,0,1.89343e-40,-nan
7.00649e-45,3.36312e-44,0,0,1.4013e-45,0,1.4013e-45,1.4013e-45,41697.3,8.01461,-21.3015,0,4.73218e-42,0,1.89287e-40,-nan
7.00649e-45,3.36312e-44,0,0,1.4013e-45,0,1.4013e-45,1.4013e-45,41687.4,8.01462,-21.3023,0,4.73078e-42,0,1.89231e-40,-nan
7.00649e-45,3.36312e-44,0,0,1.4013e-45,0,1.4013e-45,1.4013e-45,41677.4,8.01462,-21.303,0,4.72938e-42,0,1.89175e-40,-nan
7.00649e-45,3.36312e-44,0,0,1.4013e-45,0,1.4013e-45,1.4013e-45,41667.5,8.01462,-21.3038,0,4.72798e-42,0,1.89119e-40,-nan
7.00649e-45,3.36312e-44,0,0,1.4013e-45,0,1.4013e-45,1.4013e-45,41657.5,8.01462,-21.3044,0,4.72658e-42,0,1.89063e-40,-nan
7.00649e-45,3.36312e-44,0,0,1.4013e-45,0,1.4013e-45,1.4013e-45,41647.6,8.01462,-21.3052,0,4.72658e-42,0,1.89063e-40,-nan
7.00649e-45,3.36312e-44,0,0,1.4013e-45,0,1.4013e-45,1.4013e-45,41637.7,8.01462,-21.306,0,4.72518e-42,0,1.89007e-40,-nan
7.00649e-45,3.36312e-44,0,0,1.4013e-45,0,1.4013e-45,1.4013e-45,41615.2,8.01463,-21.2994,0,4.72238e-42,0,1.88895e-40,-nan
7.00649e-45,3.36312e-44,0,0,1.4013e-45,0,1.4013e-45,1.4013e-45,41617.8,8.01463,-21.3074,0,4.72238e-42,0,1.88895e-40,-nan
7.00649e-45,3.36312e-44,0,0,1.4013e-45,0,1.4013e-45,1.4013e-45,41607.8,8.01463,-21.3081,0,4.72097e-42,0,1.88839e-40,-nan
7.00649e-45,3.36312e-44,0,0,1.4013e-45,0,1.4013e-45,1.4013e-45,41598,8.01464,-21.3089,0,4.72097e-42,0,1.88839e-40,-nan
7.00649e-45,3.36312e-44,0,0,1.4013e-45,0,1.4013e-45,1.4013e-45,41588.1,8.01463,-21.3096,0,4.71957e-42,0,1.88783e-40,-nan
7.00649e-45,3.36312e-44,0,0,1.4013e-45,0,1.4013e-45,1.4013e-45,41578.1,8.01463,-21.3103,0,4.71817e-42,0,1.88727e-40,-nan
7.00649e-45,3.36312e-44,0,0,1.4013e-45,0,1.4013e-45,1.4013e-45,41568.1,8.01463,-21.3111,0,4.71677e-42,0,1.88671e-40,-nan
7.00649e-45,3.36312e-44,0,0,1.4013e-45,0,1.4013e-45,1.4013e-45,41558.2,8.01464,-21.3118,0,4.71537e-42,0,1.88615e-40,-nan
7.00649e-45,3.36312e-44,0,0,1.4013e-45,0,1.4013e-45,1.4013e-45,41548.3,8.01464,-21.3126,0,4.71537e-42,0,1.88615e-40,-nan
7.00649e-45,3.36312e-44,0,0,1.4013e-45,0,1.4013e-45,1.4013e-45,41538.4,8.01465,-21.3133,0,4.71397e-42,0,1.88559e-40,-nan
7.00649e-45,3.36312e-44,0,0,1.4013e-45,0,1.4013e-45,1.4013e-45,41528.5,8.01465,-21.3141,0,4.71257e-42,0,1.88503e-40,-nan
7.00649e-45,3.36312e-44,0,0,1.4013e-45,0,1.4013e-45,1.4013e-45,41518.5,8.01465,-21.3148,0,4.71117e-42,0,1.88447e-40,-nan
7.00649e-45,3.36312e-44,0,0,1.4013e-45,0,1.4013e-45,1.4013e-45,41508.6,8.01464,-21.3155,0,4.70976e-42,0,1.88391e-40,-nan
7.00649e-45,3.36312e-44,0,0,1.4013e-45,0,1.4013e-45,1.4013e-45,41498.7,8.01465,-21.3163,0,4.70976e-42,0,1.88391e-40,-nan
7.00649e-45,3.36312e-44,0,0,1.4013e-45,0,1.4013e-45,1.4013e-45,41488.8,8.01466,-21.317,0,4.70836e-42,0,1.88335e-40,-nan
7.00649e-45,3.36312e-44,0,0,1.4013e-45,0,1.4013e-45,1.4013e-45,41478.8,8.01466,-21.3177,0,4.70696e-42,0,1.88278e-40,-nan
7.00649e-45,3.36312e-44,0,0,1.4013e-45,0,1.4013e-45,1.4013e-45,41456.4,8.01466,-21.3113,0,4.70416e-42,0,1.88166e-40,-nan
7.00649e-45,3.36312e-44,0,0,1.4013e-45,0,1.4013e-45,1.4013e-45,41459,8.01465,-21.3192,0,4.70416e-42,0,1.88166e-40,-nan
7.00649e-45,3.36312e-44,0,0,1.4013e-45,0,1.4013e-45,1.4013e-45,41449.1,8.01465,-21.32,0,4.70416e-42,0,1.88166e-40,-nan
7.00649e-45,3.36312e-44,0,0,1.4013e-45,0,1.4013e-45,1.4013e-45,41448.8,8.01466,-21.3263,0,4.70416e-42,0,1.88166e-40,-nan
7.00649e-45,3.36312e-44,0,0,1.4013e-45,0,1.4013e-45,1.4013e-45,41429.3,8.01466,-21.3215,0,4.70136e-42,0,1.88054e-40,-nan
7.00649e-45,3.36312e-44,0,0,1.4013e-45,0,1.4013e-45,1.4013e-45,41409.8,8.01467,-21.3167,0,4.69855e-42,0,1.87942e-40,-nan
7.00649e-45,3.36312e-44,0,0,1.4013e-45,0,1.4013e-45,1.4013e-45,41399.9,8.01466,-21.3174,0,4.69855e-42,0,1.87942e-40,-nan
7.00649e-45,3.36312e-44,0,0,1.4013e-45,0,1.4013e-45,1.4013e-45,41390,8.01467,-21.3182,0,4.69715e-42,0,1.87886e-40,-nan
7.00649e-45,3.36312e-44,0,0,1.4013e-45,0,1.4013e-45,1.4013e-45,41380.1,8.01467,-21.3189,0,4.69575e-42,0,1.8783e-40,-nan
7.00649e-45,3.36312e-44,0,0,1.4013e-45,0,1.4013e-45,1.4013e-45,41370.1,8.01467,-21.3196,0,4.69435e-42,0,1.87774e-40,-nan
7.00649e-45,3.36312e-44,0,0,1.4013e-45,0,1.4013e-45,1.4013e-45,41360.2,8.01467,-21.3204,0,4.69295e-42,0,1.87718e-40,-nan
7.00649e-45,3.36312e-44,0,0,1.4013e-45,0,1.4013e-45,1.4013e-45,41350.3,8.01467,-21.3211,0,4.69295e-42,0,1.87718e-40,-nan
7.00649e-45,3.36312e-44,0,0,1.4013e-45,0,1.4013e-45,1.4013e-45,41340.4,8.01467,-21.3219,0,4.69155e-42,0,1.87662e-40,-nan
7.00649e-45,3.36312e-44,0,0,1.4013e-45,0,1.4013e-45,1.4013e-45,41330.5,8.01467,-21.3226,0,4.69015e-42,0,1.87606e-40,-nan
7.00649e-45,3.36312e-44,0,0,1.4013e-45,0,1.4013e-45,1.4013e-45,41320.6,8.01468,-21.3234,0,4.68874e-42,0,1.8755e-40,-nan
7.00649e-45,3.36312e-44,0,0,1.4013e-45,0,1.4013e-45,1.4013e-45,41310.7,8.01468,-21.3241,0,4.68734e-42,0,1.87494e-40,-nan
7.00649e-45,3.36312e-44,0,0,1.4013e-45,0,1.4013e-45,1.4013e-45,41288.3,8.01469,-21.3176,0,4.68594e-42,0,1.87438e-40,-nan
7.00649e-45,3.36312e-44,0,0,1.4013e-45,0,1.4013e-45,1.4013e-45,41290.8,8.01468,-21.3256,0,4.68594e-42,0,1.87438e-40,-nan
7.00649e-45,3.36312e-44,0,0,1.4013e-45,0,1.4013e-45,1.4013e-45,41280.9,8.01468,-21.3263,0,4.68454e-42,0,1.87382e-40,-nan
7.00649e-45,3.36312e-44,0,0,1.4013e-45,0,1.4013e-45,1.4013e-45,41271,8.01468,-21.3271,0,4.68314e-42,0,1.87326e-40,-nan
7.00649e-45,3.36312e-44,0,0,1.4013e-45,0,1.4013e-45,1.4013e-45,41261.1,8.01469,-21.3278,0,4.68174e-42,0,1.8727e-40,-nan
7.00649e-45,3.36312e-44,0,0,1.4013e-45,0,1.4013e-45,1.4013e-45,41251.2,8.01469,-21.3285,0,4.68174e-42,0,1.8727e-40,-nan
7.00649e-45,3.36312e-44,0,0,1.4013e-45,0,1.4013e-45,1.4013e-45,41241.3,8.01469,-21.3293,0,4.68034e-42,0,1.87213e-40,-nan
7.00649e-45,3.36312e-44,0,0,1.4013e-45,0,1.4013e-45,1.4013e-45,41231.4,8.01469,-21.33,0,4.67894e-42,0,1.87157e-40,-nan
7.00649e-45,3.36312e-44,0,0,1.4013e-45,0,1.4013e-45,1.4013e-45,41221.5,8.01469,-21.3308,0,4.67753e-42,0,1.87101e-40,-nan
7.00649e-45,3.36312e-44,0,0,1.4013e-45,0,1.4013e-45,1.4013e-45,41211.6,8.0147,-21.3315,0,4.67613e-42,0,1.87045e-40,-nan
7.00649e-45,3.85712e-39,0,0,1.4013e-45,0,1.4013e-45,1.4013e-45,41201.7,8.01469,-21.3323,0,4.67613e-42,0,1.87045e-40,-nan
7.00649e-45,3.85712e-39,0,0,1.4013e-45,0,1.4013e-45,1.4013e-45,41191.8,8.0147,-21.333,0,4.67473e-42,0,1.86989e-40,-nan
7.00649e-45,3.85712e-39,0,0,1.4013e-45,0,1.4013e-45,1.4013e-45,41181.9,8.0147,-21.3338,0,4.67333e-42,0,1.86933e-40,-nan
7.00649e-45,3.85712e-39,0,0,1.4013e-45,0,1.4013e-45,1.4013e-45,41170.5,8.01469,-21.3341,0,4.67193e-42,0,1.86877e-40,-nan
7.00649e-45,3.85712e-39,0,0,1.4013e-45,0,1.4013e-45,1.4013e-45,41158.4,8.0147,-21.3342,0,4.67053e-42,0,1.86821e-40,-nan
7.00649e-45,3.85712e-39,0,0,1.4013e-45,0,1.4013e-45,1.4013e-45,41147.4,8.01471,-21.3346,0,4.66913e-42,0,1.86765e-40,-nan
7.00649e-45,3.85712e-39,0,0,1.4013e-45,0,1.4013e-45,1.4013e-45,41123.2,8.01471,-21.3275,0,4.66632e-42,0,1.86653e-40,-nan
7.00649e-45,3.85712e-39,0,0,1.4013e-45,0,1.4013e-45,1.4013e-45,41125.1,8.0147,-21.3353,0,4.66632e-42,0,1.86653e-40,-nan
7.00649e-45,3.85712e-39,0,0,1.4013e-45,0,1.4013e-45,1.4013e-45,41115.6,8.01471,-21.3361,0,4.66632e-42,0,1.86653e-40,-nan
7.00649e-45,3.85712e-39,0,0,1.4013e-45,0,1.4013e-45,1.4013e-45,41105.4,8.01471,-21.3368,0,4.66492e-42,0,1.86597e-40,-nan
7.00649e-45,3.85712e-39,0,0,1.4013e-45,0,1.4013e-45,1.4013e-45,41095.2,8.01471,-21.3374,0,4.66352e-42,0,1.86541e-40,-nan
7.00649e-45,3.85712e-39,0,0,1.4013e-45,0,1.4013e-45,1.4013e-45,41085,8.01471,-21.338,0,4.66212e-42,0,1.86485e-40,-nan
7.00649e-45,3.85712e-39,0,0,1.4013e-45,0,1.4013e-45,1.4013e-45,41074.7,8.0147,-21.3386,0,4.66072e-42,0,1.86429e-40,-nan
7.00649e-45,3.85712e-39,0,0,1.4013e-45,0,1.4013e-45,1.4013e-45,41064.6,8.01471,-21.3392,0,4.65932e-42,0,1.86373e-40,-nan
7.00649e-45,3.85712e-39,0,0,1.4013e-45,0,1.4013e-45,1.4013e-45,41054.3,8.01471,-21.3398,0,4.65932e-42,0,1.86373e-40,-nan
7.00649e-45,3.85712e-39,0,0,1.4013e-45,0,1.4013e-45,1.4013e-45,41044.1,8.01471,-21.3404,0,4.65792e-42,0,1.86317e-40,-nan
7.00649e-45,3.85712e-39,0,0,1.4013e-45,0,1.4013e-45,1.4013e-45,41033.9,8.01471,-21.3411,0,4.65651e-42,0,1.86261e-40,-nan
7.00649e-45,3.85712e-39,0,0,1.4013e-45,0,1.4013e-45,1.4013e-45,41023.7,8.01471,-21.3417,0,4.65511e-42,0,1.86205e-40,-nan
7.00649e-45,3.85712e-39,0,0,1.4013e-45,0,1.4013e-45,1.4013e-45,41013.5,8.01471,-21.3423,0,4.65371e-42,0,1.86148e-40,-nan
7.00649e-45,3.85712e-39,0,0,1.4013e-45,0,1.4013e-45,1.4013e-45,41003.2,8.01471,-21.3429,0,4.65231e-42,0,1.86092e-40,-nan
7.00649e-45,3.85712e-39,0,0,1.4013e-45,0,1.4013e-45,1.4013e-45,40993,8.01471,-21.3435,0,4.65231e-42,0,1.86092e-40,-nan
7.00649e-45,3.85712e-39,0,0,1.4013e-45,0,1.4013e-45,1.4013e-45,40982.8,8.01471,-21.3441,0,4.65091e-42,0,1.86036e-40,-nan
7.00649e-45,3.85712e-39,0,0,1.4013e-45,0,1.4013e-45,1.4013e-45,40960.1,8.01472,-21.3375,0,4.64811e-42,0,1.85924e-40,-nan
7.00649e-45,3.85712e-39,0,0,1.4013e-45,0,1.4013e-45,1.4013e-45,40962.4,8.0147,-21.3454,0,4.64811e-42,0,1.85924e-40,-nan
7.00649e-45,3.85712e-39,0,0,1.4013e-45,0,1.4013e-45,1.4013e-45,40952.2,8.01471,-21.346,0,4.64671e-42,0,1.85868e-40,-nan
7.00649e-45,3.85712e-39,0,0,1.4013e-45,0,1.4013e-45,1.4013e-45,40942,8.0147,-21.3466,0,4.64671e-42,0,1.85868e-40,-nan
7.00649e-45,3.85712e-39,0,0,1.4013e-45,0,1.4013e-45,1.4013e-45,40931.8,8.0147,-21.3472,0,4.6453e-42,0,1.85812e-40,-nan
7.00649e-45,3.85712e-39,0,0,1.4013e-45,0,1.4013e-45,1.4013e-45,40921.6,8.0147,-21.3478,0,4.6439e-42,0,1.85756e-40,-nan
7.00649e-45,3.85712e-39,0,0,1.4013e-45,0,1.4013e-45,1.4013e-45,40911.5,8.01472,-21.3485,0,4.6425e-42,0,1.857e-40,-nan
7.00649e-45,3.85712e-39,0,0,1.4013e-45,0,1.4013e-45,1.4013e-45,40901.2,8.01471,-21.3491,0,4.6411e-42,0,1.85644e-40,-nan
7.00649e-45,3.85712e-39,0,0,1.4013e-45,0,1.4013e-45,1.4013e-45,40891,8.01471,-21.3497,0,4.6397e-42,0,1.85588e-40,-nan
7.00649e-45,3.85712e-39,0,0,1.4013e-45,0,1.4013e-45,1.4013e-45,40880.8,8.01471,-21.3503,0,4.6397e-42,0,1.85588e-40,-nan
7.00649e-45,3.85712e-39,0,0,1.4013e-45,0,1.4013e-45,1.4013e-45,40870.6,8.01471,-21.3509,0,4.6383e-42,0,1.85532e-40,-nan
7.00649e-45,3.85712e-39,0,0,1.4013e-45,0,1.4013e-45,1.4013e-45,40860.5,8.01471,-21.3516,0,4.6369e-42,0,1.85476e-40,-nan
7.00649e-45,3.85712e-39,0,0,1.4013e-45,0,1.4013e-45,1.4013e-45,40850.2,8.01471,-21.3522,0,4.6355e-42,0,1.8542e-40,-nan
7.00649e-45,3.85712e-39,0,0,1.4013e-45,0,1.4013e-45,1.4013e-45,40840,8.01471,-21.3528,0,4.63409e-42,0,1.85364e-40,-nan
7.00649e-45,3.85712e-39,0,0,1.4013e-45,0,1.4013e-45,1.4013e-45,40829.8,8.01471,-21.3534,0,4.63269e-42,0,1.85308e-40,-nan
7.00649e-45,3.85712e-39,0,0,1.4013e-45,0,1.4013e-45,1.4013e-45,40819.7,8.01471,-21.3541,0,4.63269e-42,0,1.85308e-40,-nan
7.00649e-45,3.85712e-39,0,0,1.4013e-45,0,1.4013e-45,1.4013e-45,40797,8.01472,-21.3475,0,4.62989e-42,0,1.85196e-40,-nan
7.00649e-45,3.85712e-39,0,0,1.4013e-45,0,1.4013e-45,1.4013e-45,40799.2,8.01471,-21.3553,0,4.62989e-42,0,1.85196e-40,-nan
7.00649e-45,3.85712e-39,0,0,1.4013e-45,0,1.4013e-45,1.4013e-45,40789.1,8.01471,-21.3559,0,4.62849e-42,0,1.8514e-40,-nan
7.00649e-45,3.85712e-39,0,0,1.4013e-45,0,1.4013e-45,1.4013e-45,40779,8.01471,-21.3566,0,4.62709e-42,0,1.85084e-40,-nan
7.00649e-45,3.85712e-39,0,0,1.4013e-45,0,1.4013e-45,1.4013e-45,40768.7,8.01471,-21.3572,0,4.62709e-42,0,1.85084e-40,-nan
7.00649e-45,3.85712e-39,0,0,1.4013e-45,0,1.4013e-45,1.4013e-45,40758.6,8.01472,-21.3578,0,4.62569e-42,0,1.85027e-40,-nan
7.00649e-45,3.85712e-39,0,0,1.4013e-45,0,1.4013e-45,1.4013e-45,40748.3,8.01471,-21.3584,0,4.62428e-42,0,1.84971e-40,-nan
7.00649e-45,3.85712e-39,0,0,1.4013e-45,0,1.4013e-45,1.4013e-45,40738.2,8.01471,-21.3591,0,4.62288e-42,0,1.84915e-40,-nan
7.00649e-45,3.85712e-39,0,0,1.4013e-45,0,1.4013e-45,1.4013e-45,40727.9,8.0147,-21.3597,0,4.62148e-42,0,1.84859e-40,-nan
7.00649e-45,3.85712e-39,0,0,1.4013e-45,0,1.4013e-45,1.4013e-45,40717.8,8.01471,-21.3603,0,4.62008e-42,0,1.84803e-40,-nan
7.00649e-45,3.85712e-39,0,0,1.4013e-45,0,1.4013e-45,1.4013e-45,40707.6,8.01472,-21.3609,0,4.62008e-42,0,1.84803e-40,-nan
7.00649e-45,3.85712e-39,0,0,1.4013e-45,0,1.4013e-45,1.4013e-45,40697.5,8.01472,-21.3616,0,4.61868e-42,0,1.84747e-40,-nan
7.00649e-45,3.85712e-39,0,0,1.4013e-45,0,1.4013e-45,1.4013e-45,40687.2,8.01471,-21.3622,0,4.61728e-42,0,1.84691e-40,-nan
7.00649e-45,3.85712e-39,0,0,1.4013e-45,0,1.4013e-45,1.4013e-45,40677.1,8.01471,-21.3628,0,4.61588e-42,0,1.84635e-40,-nan
7.00649e-45,3.85712e-39,0,0,1.4013e-45,0,1.4013e-45,1.4013e-45,40666.9,8.01471,-21.3635,0,4.61448e-42,0,1.84579e-40,-nan
7.00649e-45,3.85712e-39,0,0,1.4013e-45,0,1.4013e-45,1.4013e-45,40656.7,8.01471,-21.3641,0,4.61307e-42,0,1.84523e-40,-nan
7.00649e-45,3.85712e-39,0,0,1.4013e-45,0,1.4013e-45,1.4013e-45,40634,8.01471,-21.3574,0,4.61167e-42,0,1.84467e-40,-nan
7.00649e-45,3.85712e-39,0,0,1.4013e-45,0,1.4013e-45,1.4013e-45,40636.4,8.01471,-21.3653,0,4.61167e-42,0,1.84467e-40,-nan
7.00649e-45,3.85712e-39,0,0,1.4013e-45,0,1.4013e-45,1.4013e-45,40626.2,8.01471,-21.366,0,4.61027e-42,0,1.84411e-40,-nan
7.00649e-45,3.85712e-39,0,0,1.4013e-45,0,1.4013e-45,1.4013e-45,40616.1,8.01471,-21.3666,0,4.60887e-42,0,1.84355e-40,-nan
7.00649e-45,3.85712e-39,0,0,1.4013e-45,0,1.4013e-45,1.4013e-45,40605.9,8.01472,-21.3672,0,4.60747e-42,0,1.84299e-40,-nan
7.00649e-45,3.85712e-39,0,0,1.4013e-45,0,1.4013e-45,1.4013e-45,40595.7,8.01472,-21.3679,0,4.60607e-42,0,1.84243e-40,-nan
7.00649e-45,3.85712e-39,0,0,1.4013e-45,0,1.4013e-45,1.4013e-45,40585.5,8.01471,-21.3685,0,4.60607e-42,0,1.84243e-40,-nan
7.00649e-45,3.85712e-39,0,0,1.4013e-45,0,1.4013e-45,1.4013e-45,40575.4,8.01471,-21.3691,0,4.60467e-42,0,1.84187e-40,-nan
7.00649e-45,3.85712e-39,0,0,1.4013e-45,0,1.4013e-45,1.4013e-45,40565.2,8.01471,-21.3697,0,4.60327e-42,0,1.84131e-40,-nan
7.00649e-45,3.85712e-39,0,0,1.4013e-45,0,1.4013e-45,1.4013e-45,40555,8.01471,-21.3704,0,4.60186e-42,0,1.84075e-40,-nan
7.00649e-45,3.85712e-39,0,0,1.4013e-45,0,1.4013e-45,1.4013e-45,40544.9,8.01471,-21.371,0,4.60046e-42,0,1.84019e-40,-nan
7.00649e-45,3.85712e-39,0,0,1.4013e-45,0,1.4013e-45,1.4013e-45,40534.7,8.01472,-21.3716,0,4.60046e-42,0,1.84019e-40,-nan
7.00649e-45,3.85712e-39,0,0,1.4013e-45,0,1.4013e-45,1.4013e-45,40524.5,8.01471,-21.3723,0,4.59906e-42,0,1.83962e-40,-nan
7.00649e-45,3.85712e-39,0,0,1.4013e-45,0,1.4013e-45,1.4013e-45,40514.4,8.01471,-21.3729,0,4.59766e-42,0,1.83906e-40,-nan
7.00649e-45,3.85712e-39,0,0,1.4013e-45,0,1.4013e-45,1.4013e-45,40504.2,8.01472,-21.3735,0,4.59626e-42,0,1.8385e-40,-nan
7.00649e-45,3.85712e-39,0,0,1.4013e-45,0,1.4013e-45,1.4013e-45,40494.1,8.01471,-21.3741,0,4.59486e-42,0,1.83794e-40,-nan
7.00649e-45,3.85712e-39,0,0,1.4013e-45,0,1.4013e-45,1.4013e-45,40471.4,8.01472,-21.3676,0,4.59206e-42,0,1.83682e-40,-nan
7.00649e-45,3.85712e-39,0,0,1.4013e-45,0,1.4013e-45,1.4013e-45,40473.8,8.01472,-21.3754,0,4.59346e-42,0,1.83738e-40,-nan
7.00649e-45,3.85712e-39,0,0,1.4013e-45,0,1.4013e-45,1.4013e-45,40463.6,8.01472,-21.376,0,4.59206e-42,0,1.83682e-40,-nan
7.00649e-45,3.85712e-39,0,0,1.4013e-45,0,1.4013e-45,1.4013e-45,40453.5,8.01472,-21.3767,0,4.59065e-42,0,1.83626e-40,-nan
7.00649e-45,3.85712e-39,0,0,1.4013e-45,0,1.4013e-45,1.4013e-45,40443.4,8.01472,-21.3773,0,4.58925e-42,0,1.8357e-40,-nan
7.00649e-45,3.85712e-39,0,0,1.4013e-45,0,1.4013e-45,1.4013e-45,40433.2,8.01471,-21.378,0,4.58785e-42,0,1.83514e-40,-nan
7.00649e-45,3.85712e-39,0,0,1.4013e-45,0,1.4013e-45,1.4013e-45,40423,8.01471,-21.3786,0,4.58785e-42,0,1.83514e-40,-nan
7.00649e-45,3.85712e-39,0,0,1.4013e-45,0,1.4013e-45,1.4013e-45,40412.9,8.01472,-21.3792,0,4.58645e-42,0,1.83458e-40,-nan
7.00649e-45,3.85712e-39,0,0,1.4013e-45,0,1.4013e-45,1.4013e-45,40402.8,8.01472,-21.3799,0,4.58505e-42,0,1.83402e-40,-nan
7.00649e-45,3.85712e-39,0,0,1.4013e-45,0,1.4013e-45,1.4013e-45,40392.6,8.01472,-21.3805,0,4.58365e-42,0,1.83346e-40,-nan
7.00649e-45,3.85712e-39,0,0,1.4013e-45,0,1.4013e-45,1.4013e-45,40382.4,8.01472,-21.3811,0,4.58225e-42,0,1.8329e-40,-nan
7.00649e-45,3.85712e-39,0,0,1.4013e-45,0,1.4013e-45,1.4013e-45,40372.3,8.01472,-21.3818,0,4.58084e-42,0,1.83234e-40,-nan
7.00649e-45,3.85712e-39,0,0,1.4013e-45,0,1.4013e-45,1.4013e-45,40362.1,8.01471,-21.3824,0,4.58084e-42,0,1.83234e-40,-nan
7.00649e-45,3.85712e-39,0,0,1.4013e-45,0,1.4013e-45,1.4013e-45,40352,8.01472,-21.383,0,4.57944e-42,0,1.83178e-40,-nan
7.00649e-45,3.85712e-39,0,0,1.4013e-45,0,1.4013e-45,1.4013e-45,40341.8,8.01471,-21.3837,0,4.57804e-42,0,1.83122e-40,-nan
7.00649e-45,3.85712e-39,0,0,1.4013e-45,0,1.4013e-45,1.4013e-45,40331.6,8.01471,-21.3843,0,4.57664e-42,0,1.83066e-40,-nan
7.00649e-45,3.85712e-39,0,0,1.4013e-45,0,1.4013e-45,1.4013e-45,40309,8.01472,-21.3777,0,4.57384e-42,0,1.82954e-40,-nan
7.00649e-45,3.85712e-39,0,0,1.4013e-45,0,1.4013e-45,1.4013e-45,40311.4,8.01472,-21.3856,0,4.57384e-42,0,1.82954e-40,-nan
7.00649e-45,3.85712e-39,0,0,1.4013e-45,0,1.4013e-45,1.4013e-45,40301.3,8.01472,-21.3862,0,4.57384e-42,0,1.82954e-40,-nan
7.00649e-45,3.85712e-39,0,0,1.4013e-45,0,1.4013e-45,1.4013e-45,40291.2,8.01471,-21.3869,0,4.57244e-42,0,1.82897e-40,-nan
7.00649e-45,3.85712e-39,0,0,1.4013e-45,0,1.4013e-45,1.4013e-45,40281,8.01472,-21.3875,0,4.57104e-42,0,1.82841e-40,-nan
7.00649e-45,3.85712e-39,0,0,1.4013e-45,0,1.4013e-45,1.4013e-45,40270.9,8.01472,-21.3882,0,4.56963e-42,0,1.82785e-40,-nan
7.00649e-45,3.85712e-39,0,0,1.4013e-45,0,1.4013e-45,1.4013e-45,40260.8,8.01473,-21.3888,0,4.56823e-42,0,1.82729e-40,-nan
7.00649e-45,3.85712e-39,0,0,1.4013e-45,0,1.4013e-45,1.4013e-45,40250.7,8.01473,-21.3894,0,4.56823e-42,0,1.82729e-40,-nan
7.00649e-45,3.85712e-39,0,0,1.4013e-45,0,1.4013e-45,1.4013e-45,40240.5,8.01472,-21.3901,0,4.56683e-42,0,1.82673e-40,-nan
7.00649e-45,3.85712e-39,0,0,1.4013e-45,0,1.4013e-45,1.4013e-45,40230.4,8.01472,-21.3907,0,4.56543e-42,0,1.82617e-40,-nan
7.00649e-45,3.85712e-39,0,0,1.4013e-45,0,1.4013e-45,1.4013e-45,40220.2,8.01471,-21.3913,0,4.56403e-42,0,1.82561e-40,-nan
7.00649e-45,3.85712e-39,0,0,1.4013e-45,0,1.4013e-45,1.4013e-45,40210.1,8.01473,-21.392,0,4.56263e-42,0,1.82505e-40,-nan
7.00649e-45,3.85712e-39,0,0,1.4013e-45,0,1.4013e-45,1.4013e-45,40199.9,8.01472,-21.3926,0,4.56123e-42,0,1.82449e-40,-nan
7.00649e-45,3.85712e-39,0,0,1.4013e-45,0,1.4013e-45,1.4013e-45,40189.9,8.01473,-21.3933,0,4.56123e-42,0,1.82449e-40,-nan
7.00649e-45,3.85712e-39,0,0,1.4013e-45,0,1.4013e-45,1.4013e-45,40179.7,8.01472,-21.3939,0,4.55983e-42,0,1.82393e-40,-nan
7.00649e-45,3.85712e-39,0,0,1.4013e-45,0,1.4013e-45,1.4013e-45,40169.6,8.01472,-21.3945,0,4.55842e-42,0,1.82337e-40,-nan
7.00649e-45,3.85712e-39,0,0,1.4013e-45,0,1.4013e-45,1.4013e-45,40146.9,8.01473,-21.3879,0,4.55562e-42,0,1.82225e-40,-nan
7.00649e-45,3.85712e-39,0,0,1.4013e-45,0,1.4013e-45,1.4013e-45,40149.4,8.01473,-21.3958,0,4.55562e-42,0,1.82225e-40,-nan
7.00649e-45,3.85712e-39,0,0,1.4013e-45,0,1.4013e-45,1.4013e-45,40139.3,8.01473,-21.3965,0,4.55562e-42,0,1.82225e-40,-nan
7.00649e-45,3.85712e-39,0,0,1.4013e-45,0,1.4013e-45,1.4013e-45,40129.1,8.01472,-21.3971,0,4.55422e-42,0,1.82169e-40,-nan
7.00649e-45,3.85712e-39,0,0,1.4013e-45,0,1.4013e-45,1.4013e-45,40119,8.01472,-21.3978,0,4.55282e-42,0,1.82113e-40,-nan
7.00649e-45,3.85712e-39,0,0,1.4013e-45,0,1.4013e-45,1.4013e-45,40108.9,8.01472,-21.3984,0,4.55142e-42,0,1.82057e-40,-nan
7.00649e-45,3.85712e-39,0,0,1.4013e-45,0,1.4013e-45,1.4013e-45,40098.8,8.01472,-21.399,0,4.55002e-42,0,1.82001e-40,-nan
7.00649e-45,3.85712e-39,0,0,1.4013e-45,0,1.4013e-45,1.4013e-45,40088.7,8.01472,-21.3997,0,4.54861e-42,0,1.81945e-40,-nan
7.00649e-45,3.85712e-39,0,0,1.4013e-45,0,1.4013e-45,1.4013e-45,40078.6,8.01472,-21.4004,0,4.54861e-42,0,1.81945e-40,-nan
7.00649e-45,3.85712e-39,0,0,1.4013e-45,0,1.4013e-45,1.4013e-45,40068.4,8.01471,-21.401,0,4.54721e-42,0,1.81889e-40,-nan
7.00649e-45,3.85712e-39,0,0,1.4013e-45,0,1.4013e-45,1.4013e-45,40068,8.01473,-21.4072,0,4.54721e-42,0,1.81889e-40,-nan
7.00649e-45,3.85712e-39,0,0,1.4013e-45,0,1.4013e-45,1.4013e-45,40057.8,8.01472,-21.4078,0,4.54581e-42,0,1.81832e-40,-nan
7.00649e-45,3.85712e-39,0,0,1.4013e-45,0,1.4013e-45,1.4013e-45,40047.7,8.01471,-21.4084,0,4.54441e-42,0,1.81776e-40,-nan
7.00649e-45,3.85712e-39,0,0,1.4013e-45,0,1.4013e-45,1.4013e-45,40037.6,8.01472,-21.4091,0,4.54301e-42,0,1.8172e-40,-nan
7.00649e-45,3.85712e-39,0,0,1.4013e-45,0,1.4013e-45,1.4013e-45,40027.5,8.01472,-21.4097,0,4.54161e-42,0,1.81664e-40,-nan
7.00649e-45,3.85712e-39,0,0,1.4013e-45,0,1.4013e-45,1.4013e-45,40017.4,8.01472,-21.4104,0,4.54161e-42,0,1.81664e-40,-nan
7.00649e-45,3.85712e-39,0,0,1.4013e-45,0,1.4013e-45,1.4013e-45,39994.7,8.01473,-21.4038,0,4.53881e-42,0,1.81552e-40,-nan
7.00649e-45,3.85712e-39,0,0,1.4013e-45,0,1.4013e-45,1.4013e-45,39997.2,8.01472,-21.4117,0,4.53881e-42,0,1.81552e-40,-nan
7.00649e-45,3.85712e-39,0,0,1.4013e-45,0,1.4013e-45,1.4013e-45,39987.1,8.01471,-21.4123,0,4.5374e-42,0,1.81496e-40,-nan
7.00649e-45,3.85712e-39,0,0,1.4013e-45,0,1.4013e-45,1.4013e-45,39977,8.01472,-21.413,0,4.536e-42,0,1.8144e-40,-nan
7.00649e-45,3.85712e-39,0,0,1.4013e-45,0,1.4013e-45,1.4013e-45,39966.9,8.01473,-21.4136,0,4.536e-42,0,1.8144e-40,-nan
7.00649e-45,3.85712e-39,0,0,1.4013e-45,0,1.4013e-45,1.4013e-45,39956.8,8.01472,-21.4143,0,4.5346e-42,0,1.81384e-40,-nan
7.00649e-45,3.85712e-39,0,0,1.4013e-45,0,1.4013e-45,1.4013e-45,39946.6,8.01471,-21.4149,0,4.5332e-42,0,1.81328e-40,-nan
7.00649e-45,3.85712e-39,0,0,1.4013e-45,0,1.4013e-45,1.4013e-45,39936.5,8.01472,-21.4155,0,4.5318e-42,0,1.81272e-40,-nan
7.00649e-45,3.85712e-39,0,0,1.4013e-45,0,1.4013e-45,1.4013e-45,39926.5,8.01473,-21.4162,0,4.5304e-42,0,1.81216e-40,-nan
7.00649e-45,3.85712e-39,0,0,1.4013e-45,0,1.4013e-45,1.4013e-45,39916.4,8.01472,-21.4168,0,4.529e-42,0,1.8116e-40,-nan
7.00649e-45,3.85712e-39,0,0,1.4013e-45,0,1.4013e-45,1.4013e-45,39906.3,8.01472,-21.4175,0,4.529e-42,0,1.8116e-40,-nan
7.00649e-45,3.85712e-39,0,0,1.4013e-45,0,1.4013e-45,1.4013e-45,39896.2,8.01473,-21.4182,0,4.5276e-42,0,1.81104e-40,-nan
7.00649e-45,3.85712e-39,0,0,1.4013e-45,0,1.4013e-45,1.4013e-45,39886,8.01472,-21.4188,0,4.52619e-42,0,1.81048e-40,-nan
7.00649e-45,3.85712e-39,0,0,1.4013e-45,0,1.4013e-45,1.4013e-45,39876,8.01472,-21.4194,0,4.52479e-42,0,1.80992e-40,-nan
7.00649e-45,3.85712e-39,0,0,1.4013e-45,0,1.4013e-45,1.4013e-45,39865.9,8.01472,-21.4201,0,4.52339e-42,0,1.80936e-40,-nan
7.00649e-45,3.85712e-39,0,0,1.4013e-45,0,1.4013e-45,1.4013e-45,39855.8,8.01472,-21.4207,0,4.52339e-42,0,1.80936e-40,-nan
7.00649e-45,3.85712e-39,0,0,1.4013e-45,0,1.4013e-45,1.4013e-45,39833.1,8.01473,-21.4141,0,4.52059e-42,0,1.80824e-40,-nan
7.00649e-45,3.85712e-39,0,0,1.4013e-45,0,1.4013e-45,1.4013e-45,39835.6,8.01472,-21.4221,0,4.52059e-42,0,1.80824e-40,-nan
7.00649e-45,3.85712e-39,0,0,1.4013e-45,0,1.4013e-45,1.4013e-45,39825.6,8.01473,-21.4227,0,4.51919e-42,0,1.80768e-40,-nan
7.00649e-45,3.85712e-39,0,0,1.4013e-45,0,1.4013e-45,1.4013e-45,39815.4,8.01471,-21.4233,0,4.51779e-42,0,1.80711e-40,-nan
7.00649e-45,3.85712e-39,0,0,1.4013e-45,0,1.4013e-45,1.4013e-45,39805.4,8.01473,-21.424,0,4.51638e-42,0,1.80655e-40,-nan
7.00649e-45,3.85712e-39,0,0,1.4013e-45,0,1.4013e-45,1.4013e-45,39795.3,8.01473,-21.4246,0,4.51638e-42,0,1.80655e-40,-nan
7.00649e-45,3.85712e-39,0,0,1.4013e-45,0,1.4013e-45,1.4013e-45,39785.2,8.01473,-21.4253,0,4.51498e-42,0,1.80599e-40,-nan
7.00649e-45,3.85712e-39,0,0,1.4013e-45,0,1.4013e-45,1.4013e-45,39775.1,8.01472,-21.426,0,4.51358e-42,0,1.80543e-40,-nan
7.00649e-45,3.85712e-39,0,0,1.4013e-45,0,1.4013e-45,1.4013e-45,39765,8.01472,-21.4266,0,4.51218e-42,0,1.80487e-40,-nan
7.00649e-45,3.85712e-39,0,0,1.4013e-45,0,1.4013e-45,1.4013e-45,39755,8.01472,-21.4273,0,4.51078e-42,0,1.80431e-40,-nan
7.00649e-45,3.85712e-39,0,0,1.4013e-45,0,1.4013e-45,1.4013e-45,39744.9,8.01472,-21.4279,0,4.51078e-42,0,1.80431e-40,-nan
7.00649e-45,3.85712e-39,0,0,1.4013e-45,0,1.4013e-45,1.4013e-45,39734.8,8.01472,-21.4286,0,4.50938e-42,0,1.80375e-40,-nan
7.00649e-45,3.85712e-39,0,0,1.4013e-45,0,1.4013e-45,1.4013e-45,39724.8,8.01473,-21.4292,0,4.50798e-42,0,1.80319e-40,-nan
7.00649e-45,3.85712e-39,0,0,1.4013e-45,0,1.4013e-45,1.4013e-45,39714.7,8.01472,-21.4299,0,4.50658e-42,0,1.80263e-40,-nan
7.00649e-45,3.85712e-39,0,0,1.4013e-45,0,1.4013e-45,1.4013e-45,39704.6,8.01472,-21.4306,0,4.50517e-42,0,1.80207e-40,-nan
7.00649e-45,3.85712e-39,0,0,1.4013e-45,0,1.4013e-45,1.4013e-45,39694.5,8.01473,-21.4312,0,4.50377e-42,0,1.80151e-40,-nan
7.00649e-45,3.85712e-39,0,0,1.4013e-45,0,1.4013e-45,1.4013e-45,39671.8,8.01473,-21.4246,0,4.50237e-42,0,1.80095e-40,-nan
7.00649e-45,3.85712e-39,0,0,1.4013e-45,0,1.4013e-45,1.4013e-45,39674.4,8.01473,-21.4325,0,4.50237e-42,0,1.80095e-40,-nan
7.00649e-45,3.85712e-39,0,0,1.4013e-45,0,1.4013e-45,1.4013e-45,39664.3,8.01473,-21.4331,0,4.50097e-42,0,1.80039e-40,-nan
7.00649e-45,3.85712e-39,0,0,1.4013e-45,0,1.4013e-45,1.4013e-45,39654.2,8.01472,-21.4338,0,4.49957e-42,0,1.79983e-40,-nan
7.00649e-45,3.85712e-39,0,0,1.4013e-45,0,1.4013e-45,1.4013e-45,39644.2,8.01472,-21.4345,0,4.49817e-42,0,1.79927e-40,-nan
7.00649e-45,3.85712e-39,0,0,1.4013e-45,0,1.4013e-45,1.4013e-45,39634.1,8.01473,-21.4351,0,4.49817e-42,0,1.79927e-40,-nan
7.00649e-45,3.85712e-39,0,0,1.4013e-45,0,1.4013e-45,1.4013e-45,39624,8.01472,-21.4358,0,4.49677e-42,0,1.79871e-40,-nan
7.00649e-45,3.85712e-39,0,0,1.4013e-45,0,1.4013e-45,1.4013e-45,39614,8.01472,-21.4364,0,4.49537e-42,0,1.79815e-40,-nan
7.00649e-45,3.85712e-39,0,0,1.4013e-45,0,1.4013e-45,1.4013e-45,39603.9,8.01473,-21.4371,0,4.49396e-42,0,1.79759e-40,-nan
7.00649e-45,3.85712e-39,0,0,1.4013e-45,0,1.4013e-45,1.4013e-45,39593.8,8.01472,-21.4377,0,4.49256e-42,0,1.79703e-40,-nan
7.00649e-45,3.85712e-39,0,0,1.4013e-45,0,1.4013e-45,1.4013e-45,39583.8,8.01473,-21.4384,0,4.49256e-42,0,1.79703e-40,-nan
7.00649e-45,3.85712e-39,0,0,1.4013e-45,0,1.4013e-45,1.4013e-45,39573.7,8.01473,-21.4391,0,4.49116e-42,0,1.79646e-40,-nan
7.00649e-45,3.85712e-39,0,0,1.4013e-45,0,1.4013e-45,1.4013e-45,39563.7,8.01473,-21.4397,0,4.48976e-42,0,1.7959e-40,-nan
7.00649e-45,3.85712e-39,0,0,1.4013e-45,0,1.4013e-45,1.4013e-45,39553.6,8.01472,-21.4404,0,4.48836e-42,0,1.79534e-40,-nan
7.00649e-45,3.85712e-39,0,0,1.4013e-45,0,1.4013e-45,1.4013e-45,39543.5,8.01474,-21.441,0,4.48696e-42,0,1.79478e-40,-nan
7.00649e-45,3.85712e-39,0,0,1.4013e-45,0,1.4013e-45,1.4013e-45,39533.5,8.01473,-21.4417,0,4.48556e-42,0,1.79422e-40,-nan
7.00649e-45,3.85712e-39,0,0,1.4013e-45,0,1.4013e-45,1.4013e-45,39510.8,8.01474,-21.4351,0,4.48416e-42,0,1.79366e-40,-nan
7.00649e-45,3.85712e-39,0,0,1.4013e-45,0,1.4013e-45,1.4013e-45,39513.4,8.01473,-21.443,0,4.48416e-42,0,1.79366e-40,-nan
7.00649e-45,3.85712e-39,0,0,1.4013e-45,0,1.4013e-45,1.4013e-45,39503.3,8.01473,-21.4437,0,4.48275e-42,0,1.7931e-40,-nan
7.00649e-45,3.85712e-39,0,0,1.4013e-45,0,1.4013e-45,1.4013e-45,39493.3,8.01472,-21.4443,0,4.48135e-42,0,1.79254e-40,-nan
7.00649e-45,3.85712e-39,0,0,1.4013e-45,0,1.4013e-45,1.4013e-45,39483.2,8.01473,-21.445,0,4.47995e-42,0,1.79198e-40,-nan
7.00649e-45,3.85712e-39,0,0,1.4013e-45,0,1.4013e-45,1.4013e-45,39473.2,8.01473,-21.4457,0,4.47995e-42,0,1.79198e-40,-nan
7.00649e-45,3.85712e-39,0,0,1.4013e-45,0,1.4013e-45,1.4013e-45,39463.1,8.01472,-21.4463,0,4.47855e-42,0,1.79142e-40,-nan
7.00649e-45,3.85712e-39,0,0,1.4013e-45,0,1.4013e-45,1.4013e-45,39453,8.01472,-21.447,0,4.47715e-42,0,1.79086e-40,-nan
7.00649e-45,3.85712e-39,0,0,1.4013e-45,0,1.4013e-45,1.4013e-45,39443,8.01473,-21.4476,0,4.47575e-42,0,1.7903e-40,-nan
7.00649e-45,3.85712e-39,0,0,1.4013e-45,0,1.4013e-45,1.4013e-45,39433,8.01473,-21.4483,0,4.47435e-42,0,1.78974e-40,-nan
7.00649e-45,3.85712e-39,0,0,1.4013e-45,0,1.4013e-45,1.4013e-45,39423,8.01472,-21.449,0,4.47435e-42,0,1.78974e-40,-nan
7.00649e-45,3.85712e-39,0,0,1.4013e-45,0,1.4013e-45,1.4013e-45,39413,8.01473,-21.4497,0,4.47294e-42,0,1.78918e-40,-nan
7.00649e-45,3.85712e-39,0,0,1.4013e-45,0,1.4013e-45,1.4013e-45,39402.9,8.01472,-21.4503,0,4.47154e-42,0,1.78862e-40,-nan
7.00649e-45,3.85712e-39,0,0,1.4013e-45,0,1.4013e-45,1.4013e-45,39392.8,8.01472,-21.4509,0,4.47014e-42,0,1.78806e-40,-nan
7.00649e-45,3.85712e-39,0,0,1.4013e-45,0,1.4013e-45,1.4013e-45,39382.8,8.01472,-21.4516,0,4.46874e-42,0,1.7875e-40,-nan
7.00649e-45,3.85712e-39,0,0,1.4013e-45,0,1.4013e-45,1.4013e-45,39372.8,8.01473,-21.4523,0,4.46734e-42,0,1.78694e-40,-nan
7.00649e-45,3.85712e-39,0,0,1.4013e-45,0,1.4013e-45,1.4013e-45,39350.1,8.01473,-21.4457,0,4.46594e-42,0,1.78638e-40,-nan
7.00649e-45,3.85712e-39,0,0,1.4013e-45,0,1.4013e-45,1.4013e-45,39352.7,8.01473,-21.4536,0,4.46594e-42,0,1.78638e-40,-nan
7.00649e-45,3.85712e-39,0,0,1.4013e-45,0,1.4013e-45,1.4013e-45,39342.7,8.01473,-21.4543,0,4.46454e-42,0,1.78581e-40,-nan
7.00649e-45,3.85712e-39,0,0,1.4013e-45,0,1.4013e-45,1.4013e-45,39332.6,8.01473,-21.455,0,4.46314e-42,0,1.78525e-40,-nan
7.00649e-45,3.85712e-39,0,0,1.4013e-45,0,1.4013e-45,1.4013e-45,39322.6,8.01473,-21.4556,0,4.46173e-42,0,1.78469e-40,-nan
7.00649e-45,3.85712e-39,0,0,1.4013e-45,0,1.4013e-45,1.4013e-45,39312.6,8.01473,-21.4563,0,4.46173e-42,0,1.78469e-40,-nan
7.00649e-45,3.85712e-39,0,0,1.4013e-45,0,1.4013e-45,1.4013e-45,39302.5,8.01473,-21.4569,0,4.46033e-42,0,1.78413e-40,-nan
7.00649e-45,3.85712e-39,0,0,1.4013e-45,0,1.4013e-45,1.4013e-45,39292.5,8.01472,-21.4576,0,4.45893e-42,0,1.78357e-40,-nan
7.00649e-45,3.85712e-39,0,0,1.4013e-45,0,1.4013e-45,1.4013e-45,39282.5,8.01472,-21.4583,0,4.45753e-42,0,1.78301e-40,-nan
7.00649e-45,3.85712e-39,0,0,1.4013e-45,0,1.4013e-45,1.4013e-45,39272.4,8.01473,-21.459,0,4.45613e-42,0,1.78245e-40,-nan
7.00649e-45,3.85712e-39,0,0,1.4013e-45,0,1.4013e-45,1.4013e-45,39262.4,8.01474,-21.4596,0,4.45613e-42,0,1.78245e-40,-nan
7.00649e-45,3.85712e-39,0,0,1.4013e-45,0,1.4013e-45,1.4013e-45,39252.4,8.01472,-21.4603,0,4.45473e-42,0,1.78189e-40,-nan
7.00649e-45,3.85712e-39,0,0,1.4013e-45,0,1.4013e-45,1.4013e-45,39242.4,8.01473,-21.461,0,4.45333e-42,0,1.78133e-40,-nan
7.00649e-45,3.85712e-39,0,0,1.4013e-45,0,1.4013e-45,1.4013e-45,39232.4,8.01474,-21.4616,0,4.45193e-42,0,1.78077e-40,-nan
7.00649e-45,3.85712e-39,0,0,1.4013e-45,0,1.4013e-45,1.4013e-45,39222.3,8.01472,-21.4623,0,4.45052e-42,0,1.78021e-40,-nan
7.00649e-45,3.85712e-39,0,0,1.4013e-45,0,1.4013e-45,1.4013e-45,39212.3,8.01473,-21.4629,0,4.44912e-42,0,1.77965e-40,-nan
7.00649e-45,3.85712e-39,0,0,1.4013e-45,0,1.4013e-45,1.4013e-45,39189.6,8.01473,-21.4564,0,4.44772e-42,0,1.77909e-40,-nan
7.00649e-45,3.85712e-39,0,0,1.4013e-45,0,1.4013e-45,1.4013e-45,39192.3,8.01473,-21.4643,0,4.44772e-42,0,1.77909e-40,-nan
7.00649e-45,3.85712e-39,0,0,1.4013e-45,0,1.4013e-45,1.4013e-45,39182.3,8.01473,-21.465,0,4.44632e-42,0,1.77853e-40,-nan
7.00649e-45,3.85712e-39,0,0,1.4013e-45,0,1.4013e-45,1.4013e-45,39172.2,8.01473,-21.4656,0,4.44492e-42,0,1.77797e-40,-nan
7.00649e-45,3.85712e-39,0,0,1.4013e-45,0,1.4013e-45,1.4013e-45,39162.3,8.01473,-21.4663,0,4.44352e-42,0,1.77741e-40,-nan
7.00649e-45,3.85712e-39,0,0,1.4013e-45,0,1.4013e-45,1.4013e-45,39152.3,8.01474,-21.467,0,4.44352e-42,0,1.77741e-40,-nan
7.00649e-45,3.85712e-39,0,0,1.4013e-45,0,1.4013e-45,1.4013e-45,39142.2,8.01473,-21.4677,0,4.44212e-42,0,1.77685e-40,-nan
7.00649e-45,3.85712e-39,0,0,1.4013e-45,0,1.4013e-45,1.4013e-45,39132.2,8.01474,-21.4683,0,4.44071e-42,0,1.77629e-40,-nan
7.00649e-45,3.85712e-39,0,0,1.4013e-45,0,1.4013e-45,1.4013e-45,39122.3,8.01473,-21.469,0,4.43931e-42,0,1.77573e-40,-nan
7.00649e-45,3.85712e-39,0,0,1.4013e-45,0,1.4013e-45,1.4013e-45,39112.2,8.01473,-21.4697,0,4.43791e-42,0,1.77516e-40,-nan
7.00649e-45,3.85712e-39,0,0,1.4013e-45,0,1.4013e-45,1.4013e-45,39102.2,8.01472,-21.4704,0,4.43791e-42,0,1.77516e-40,-nan
7.00649e-45,3.85712e-39,0,0,1.4013e-45,0,1.4013e-45,1.4013e-45,39092.2,8.01473,-21.471,0,4.43651e-42,0,1.7746e-40,-nan
7.00649e-45,3.85712e-39,0,0,1.4013e-45,0,1.4013e-45,1.4013e-45,39082.2,8.01473,-21.4717,0,4.43511e-42,0,1.77404e-40,-nan
7.00649e-45,3.85712e-39,0,0,1.4013e-45,0,1.4013e-45,1.4013e-45,39072.2,8.01474,-21.4724,0,4.43371e-42,0,1.77348e-40,-nan
7.00649e-45,3.85712e-39,0,0,1.4013e-45,0,1.4013e-45,1.4013e-45,39062.2,8.01473,-21.4731,0,4.43231e-42,0,1.77292e-40,-nan
7.00649e-45,3.85712e-39,0,0,1.4013e-45,0,1.4013e-45,1.4013e-45,39052.1,8.01472,-21.4737,0,4.43091e-42,0,1.77236e-40,-nan
7.00649e-45,3.85712e-39,0,0,1.4013e-45,0,1.4013e-45,1.4013e-45,39029.5,8.01474,-21.4671,0,4.4295e-42,0,1.7718e-40,-nan
7.00649e-45,3.85712e-39,0,0,1.4013e-45,0,1.4013e-45,1.4013e-45,39032.2,8.01473,-21.4751,0,4.4295e-42,0,1.7718e-40,-nan
7.00649e-45,3.85712e-39,0,0,1.4013e-45,0,1.4013e-45,1.4013e-45,39022.2,8.01474,-21.4757,0,4.4281e-42,0,1.77124e-40,-nan
7.00649e-45,3.85712e-39,0,0,1.4013e-45,0,1.4013e-45,1.4013e-45,39012.2,8.01473,-21.4764,0,4.4267e-42,0,1.77068e-40,-nan
7.00649e-45,3.58162e-39,0,0,1.4013e-45,0,1.4013e-45,1.4013e-45,39002.2,8.01474,-21.4771,0,4.4253e-42,0,1.77012e-40,-nan
7.00649e-45,3.58162e-39,0,0,1.4013e-45,0,1.4013e-45,1.4013e-45,38992.2,8.01474,-21.4778,0,4.4253e-42,0,1.77012e-40,-nan
7.00649e-45,3.58162e-39,0,0,1.4013e-45,0,1.4013e-45,1.4013e-45,38982.3,8.01474,-21.4785,0,4.4239e-42,0,1.76956e-40,-nan
7.00649e-45,3.58162e-39,0,0,1.4013e-45,0,1.4013e-45,1.4013e-45,46065,8.01261,-23.5472,0,5.22684e-42,0,2.09074e-40,-nan
7.00649e-45,3.58162e-39,0,0,1.4013e-45,0,1.4013e-45,1.4013e-45,46077.8,8.0126,-23.5545,0,5.22965e-42,0,2.09186e-40,-nan
